gene_id	baseMean	log2FoldChange	lfcSE	pvalue	padj
ENSMUSG00000022548	10765.543498311381	1.0939161066595746	0.09085753260861307	1.030771694605935e-34	2.033918707796431e-30
ENSMUSG00000006014	631.5955445561661	1.4162758782531994	0.1217137885422779	9.679569433410913e-33	9.549863203003207e-29
ENSMUSG00000019997	536.5731250411192	1.2399373462094556	0.11002959052631667	9.967129350888601e-31	6.555713211724462e-27
ENSMUSG00000021186	722.6980831785204	1.238228853284609	0.12080700425897949	5.986276553694665e-26	2.9530302239375785e-22
ENSMUSG00000037254	456.89757473561826	1.0983811994349402	0.10807064502785946	1.1921259897681808e-25	4.704606006021149e-22
ENSMUSG00000036151	122.60718041443099	-2.1734326957201957	0.23250244618974766	2.911839049342341e-23	8.20805830308901e-20
ENSMUSG00000045193	2343.0326474044628	1.1308340524600222	0.12071240520850535	3.1119848565997442e-22	7.67571064880327e-19
ENSMUSG00000018566	386.6372138214035	1.093926356341597	0.1221654042370724	1.2006847494802332e-20	2.6324346085271066e-17
ENSMUSG00000041559	1410.0481718829974	1.0120402247198317	0.11744124285356616	1.4663640538793498e-19	2.893429551114733e-16
ENSMUSG00000132973	300.0204069669437	-1.1917322012344502	0.1440575871845617	5.2790192754976805e-18	6.9443738896080156e-15
ENSMUSG00000032854	3486.505137409491	-1.1246210903188811	0.13893578571561632	1.96023065254521e-17	2.183159418078459e-14
ENSMUSG00000050211	479.68928380969396	1.317710510317207	0.16261217911729922	1.9915299779754846e-17	2.183159418078459e-14
ENSMUSG00000035929	182.50211506899723	1.2612615418282147	0.1564633119823899	2.981334572047227e-17	3.0961944092439944e-14
ENSMUSG00000043924	179.36051750916093	1.238255836115173	0.1550467156580602	5.4540524929385627e-17	5.124731609079225e-14
ENSMUSG00000005057	240.1627481107431	1.1332367904172498	0.1434872551994823	9.557360065402351e-17	8.037398422299339e-14
ENSMUSG00000037362	700.751572563931	1.1391996308847734	0.1442573469107907	9.77587482947416e-17	8.037398422299339e-14
ENSMUSG00000000791	119.84480178774723	1.4759440148697138	0.18988901582681417	1.8911609363404008e-16	1.4926555038347514e-13
ENSMUSG00000030711	769.8892725697309	1.0604682243655883	0.1365685893463277	2.0119266481387858e-16	1.52689756234902e-13
ENSMUSG00000050503	184.76036009410262	-1.7838665290367384	0.2392217096369997	7.905370189830156e-16	5.777361651323282e-13
ENSMUSG00000024136	284.4843726015492	-1.3331791659258565	0.17665384927247557	1.4918316091808693e-15	1.0513150468698896e-12
ENSMUSG00000110125	121.71515162190548	1.6145731159739085	0.21737843783662264	1.7092530071409562e-15	1.087967107642108e-12
ENSMUSG00000048373	84.54527457898197	1.5555207818042505	0.20894020342878483	1.8107198714201042e-15	1.1165351407144219e-12
ENSMUSG00000015852	197.7544567802938	-1.3239712183521806	0.17752095849594948	2.931953310351208e-15	1.7531303854500013e-12
ENSMUSG00000048368	217.37606733717652	1.132102498628937	0.1523372758229444	3.2573499915655804e-15	1.8904126480462363e-12
ENSMUSG00000035711	177.1074242049947	-1.4898550256926124	0.20633584746356254	1.1414281052657244e-14	6.256294270306465e-12
ENSMUSG00000074252	133.69124897999896	1.2186970589452586	0.17063026881552548	3.006040026431322e-14	1.482879545038571e-11
ENSMUSG00000116180	212.19578771316293	1.0381041094137053	0.15149232913200109	1.3010802779248088e-13	5.834753646366438e-11
ENSMUSG00000079507	88.12202913480527	1.337547505551759	0.21724251445903076	1.737283327224508e-11	5.1164290466856705e-9
ENSMUSG00000060794	152.89637544375364	1.1634007039070127	0.18936326370471507	1.7802190831392878e-11	5.165776904191828e-9
ENSMUSG00000089817	135.8297783783848	-1.2341260218925318	0.20760797848592893	6.150198452426744e-11	1.52306757876062e-8
ENSMUSG00000018727	102.06294237538701	-1.2220898585006492	0.20866161750696144	9.978828267607083e-11	2.4012468216636945e-8
ENSMUSG00000050063	522.7143478611906	-1.0073420874976031	0.17735548897212244	1.4732987661248056e-10	3.3415093394453633e-8
ENSMUSG00000116946	97.64992168021206	1.1891423614674965	0.21345524243513467	4.4940624912532495e-10	9.048657252796849e-8
ENSMUSG00000027824	80.8481964418968	1.2625438433836533	0.2279741002640715	5.604251314854702e-10	1.1058308694471297e-7
ENSMUSG00000023393	42.428082498723654	1.5657323487176578	0.2891557979857433	6.412912144380415e-10	1.2528671528011321e-7
ENSMUSG00000120913	68.89866286785548	1.4317308202835957	0.2647015168774577	9.139299211539469e-10	1.6697838152045998e-7
ENSMUSG00000029700	139.2182480938359	-1.0174497747981788	0.19093947139864195	9.845353482346555e-10	1.7660774083060202e-7
ENSMUSG00000044177	240.13009065309527	1.0460749900737853	0.19955251405533014	1.6828425663547212e-9	2.76715412660928e-7
ENSMUSG00000089769	90.80139044960036	-1.3641782180009094	0.2590154997502485	2.036976376023872e-9	3.321786599314301e-7
ENSMUSG00000113689	137.4475467561282	-1.0405577156251642	0.20096539784168868	2.2648863660707368e-9	3.6097902809136776e-7
ENSMUSG00000045725	85.16438316233463	1.2500415545008798	0.23955606468047744	2.724540176292497e-9	4.2005704341525143e-7
ENSMUSG00000079363	280.4934408404282	1.5743830901582159	0.3082049071017611	2.724878449075217e-9	4.2005704341525143e-7
ENSMUSG00000085428	97.30285340998634	1.170298917843292	0.2249420231983606	2.747058985111079e-9	4.201935495675334e-7
ENSMUSG00000020286	20.078893724714447	1.9274603144959301	0.4265292824651249	6.000429868973934e-9	8.338062124971385e-7
ENSMUSG00000032487	75.88990977171194	-1.2650258226485234	0.2533656306722709	7.657376878484104e-9	1.0140628225922708e-6
ENSMUSG00000040554	22.884224002670017	1.877387941976709	0.41603081231682276	8.190809409186258e-9	1.0572491729500744e-6
ENSMUSG00000072919	60.66114963589335	-1.3534072080856647	0.2758476223325763	1.0562055659118024e-8	1.3274553010555213e-6
ENSMUSG00000120475	68.06405147250109	1.1973563652525239	0.24500278775711806	1.1863276743103992e-8	1.4815580803476453e-6
ENSMUSG00000033847	68.80622248776628	-1.1899406965116435	0.24712193080575978	1.603798305115654e-8	1.9534659355890176e-6
ENSMUSG00000108832	85.8586805585657	-1.3199278492430164	0.27667565803878574	1.9211448421128128e-8	2.2298841190923542e-6
ENSMUSG00000112295	48.61271280843228	1.2717982426902408	0.2730306952373074	3.1016853002242674e-8	3.3443964122418167e-6
ENSMUSG00000020808	28.063249714561977	1.715393962165201	0.4021515352207094	3.9121520706949597e-8	4.150246487040481e-6
ENSMUSG00000099583	25.303598049632843	-1.8081420518223377	0.44897719371991196	4.4390800732203946e-8	4.684060321111488e-6
ENSMUSG00000120777	103.36976908375755	1.1571442690657974	0.2636046721016611	8.431726999946751e-8	8.277355082733796e-6
ENSMUSG00000108081	36.505094756221716	1.34776120007244	0.31286951359982274	1.0397807674736573e-7	1.0106873942753797e-5
ENSMUSG00000115756	37.73223992851692	-1.438197755299789	0.33838040429773847	1.0582214097639293e-7	1.0235698459540123e-5
ENSMUSG00000108976	25.115169254297	-1.663702802269863	0.4580850388036778	2.2017127728827225e-7	1.930853174867639e-5
ENSMUSG00000022622	38.70788831768408	1.24251564040363	0.30447583468788714	2.429196216232903e-7	2.1115814862866805e-5
ENSMUSG00000110027	65.32238857747318	-1.132369013280798	0.2776809393790922	2.4848597309142495e-7	2.1504935179999987e-5
ENSMUSG00000091405	27.16241458078844	-1.558890664198493	0.44340701450813963	4.546477892688191e-7	3.510703030577844e-5
ENSMUSG00000039714	46.83228133573627	1.1640320813515168	0.30327720736596564	5.30869508228678e-7	3.967847400139499e-5
ENSMUSG00000030048	62.474522310326996	-1.303512863984185	0.3445490604420618	5.378330236183876e-7	4.004724989448311e-5
ENSMUSG00000111360	25.196029947530572	1.3787224298086695	0.387976486726958	8.023492321402112e-7	5.654269660210945e-5
ENSMUSG00000051627	29.233063278998355	-1.432021647586397	0.4238258621242476	9.806996195742123e-7	6.62711126487615e-5
ENSMUSG00000098221	36.854215499046354	1.2669743197724546	0.3586384079933002	1.087157471030745e-6	7.198587657174047e-5
ENSMUSG00000050141	63.8787907046779	1.0619241471977192	0.30316249284417535	1.4264923971799912e-6	9.079854187469543e-5
ENSMUSG00000129843	35.55306594579601	1.2040188749442637	0.3907072707399374	3.3979094771447216e-6	1.862431938972768e-4
ENSMUSG00000120226	56.33167464870155	1.052995249784599	0.33698804781572167	3.879646537437062e-6	2.069005012884003e-4
ENSMUSG00000134258	89.54804490168891	1.0363886796780817	0.33264926071098133	4.025928514455158e-6	2.14122968860456e-4
ENSMUSG00000022899	1387.8131800368594	1.3133395648869448	0.5065897109639554	5.398649204644538e-6	2.774118388178282e-4
ENSMUSG00000109232	15.846221416840955	1.2742814137344076	0.6561293585225887	9.001136718358608e-6	4.259242919104366e-4
ENSMUSG00000108604	30.44923720809884	1.1426023928098685	0.4604502758270487	1.203309345526411e-5	5.389834866002927e-4
ENSMUSG00000136293	55.079253011797846	-1.0701894238347656	0.4236219293516546	1.3692219032858965e-5	5.990573524531554e-4
ENSMUSG00000139960	20.895253494325466	1.1488589577442756	0.4873837519262974	1.4151194855817505e-5	6.164048055077065e-4
ENSMUSG00000120456	17.260869476000554	1.1983422849134873	0.569302609243588	1.4711373244928453e-5	6.324287949214122e-4
ENSMUSG00000133479	31.530092631135624	-1.123589109670437	0.46978574565175135	1.4702557216434815e-5	6.324287949214122e-4
ENSMUSG00000109238	15.552898498447657	1.1593928083891234	0.6458746253385907	1.885074449341927e-5	7.685183684796468e-4
ENSMUSG00000113159	20.12197481885281	1.1203197862543282	0.647696133010598	2.3690569680418427e-5	9.275046050278104e-4
ENSMUSG00000114089	34.61746734004311	-1.017451343377105	0.4764559562305754	3.065575670313184e-5	0.0011478166817195398
ENSMUSG00000144090	23.163349461187764	1.007170796893979	0.5173454773925654	4.070973912250161e-5	0.001416727640855735
